{
  "project_info": {
    "project_number": "304929275478",
    "firebase_url": "https://codetechsu-ccc75.firebaseio.com",
    "project_id": "codetechsu-ccc75",
    "storage_bucket": "codetechsu-ccc75.appspot.com"
  },
  "client": [
    {
      "client_info": {
        "mobilesdk_app_id": "1:304929275478:android:3a5dc390f2c6284563c5f7",
        "android_client_info": {
          "package_name": "com.example.sokratech"
        }
      },
      "oauth_client": [
        {
          "client_id": "304929275478-2l3qbfmkoibj375a2l9t40v0m6trulc0.apps.googleusercontent.com",
          "client_type": 1,
          "android_info": {
            "package_name": "com.example.sokratech",
            "certificate_hash": "1da3980b714e98a6e2a1c2c314a19defa6134c1c"
          }
        },
        {
          "client_id": "304929275478-gtdtnv3nhgqdmcjh0ilvdulf2gi0daja.apps.googleusercontent.com",
          "client_type": 3
        }
      ],
      "api_key": [
        {
          "current_key": "AIzaSyAXYhkXRL1DT49vOsCvhJw3XgwFjLqJLhI"
        }
      ],
      "services": {
        "appinvite_service": {
          "other_platform_oauth_client": [
            {
              "client_id": "304929275478-gtdtnv3nhgqdmcjh0ilvdulf2gi0daja.apps.googleusercontent.com",
              "client_type": 3
            }
          ]
        }
      }
    }
  ],
  "configuration_version": "1"
}